"","baseMean","log2FoldChange","lfcSE","stat","pvalue","padj","ensembl_gene_id","external_gene_name","chromosome_name","description"
"ENSOARG00000002559",37.9570548122323,2.73487687609729,0.568662587670524,4.80931388031077,1.5144923501066e-06,0.0131297131424454,"ENSOARG00000002559","","X","Uncharacterized protein  [Source:UniProtKB/TrEMBL;Acc:W5NX19]"
"ENSOARG00000004833",50.1660360847944,2.66732643810835,0.565649798049887,4.7155085130484,2.41107811605741e-06,0.0131297131424454,"ENSOARG00000004833","","21","Uncharacterized protein  [Source:UniProtKB/TrEMBL;Acc:W5P427]"
"ENSOARG00000008913",73.404979870271,-2.63342906714051,0.559116925572675,-4.70997915944544,2.47742122599092e-06,0.0131297131424454,"ENSOARG00000008913","CSRP3","21","cysteine and glycine-rich protein 3 (cardiac LIM protein) [Source:HGNC Symbol;Acc:HGNC:2472]"
"ENSOARG00000011885",243.797011201222,2.55157327205381,0.566035799139143,4.50779487080919,6.55048593506439e-06,0.027772750267486,"ENSOARG00000011885","DPP10","2","dipeptidyl-peptidase 10 (non-functional) [Source:HGNC Symbol;Acc:HGNC:20823]"
"ENSOARG00000012206",1081.72165221071,-5.21212587920612,0.563329172554012,-9.25236279806967,2.19583952930297e-20,4.65496021816937e-16,"ENSOARG00000012206","CA5A","14","carbonic anhydrase VA, mitochondrial [Source:HGNC Symbol;Acc:HGNC:1377]"
