"","baseMean","log2FoldChange","lfcSE","stat","pvalue","padj"
"ENSOARG00000001346",143.701223285365,-2.21101998464886,0.400239557933015,-5.52424152192097,3.30912000605624e-08,0.000701500350083863
"ENSOARG00000002865",446.556380582121,-1.71935534438774,0.362435562457871,-4.74389249423501,2.09650140652661e-06,0.0153160801986195
"ENSOARG00000019163",85.8354882620473,1.91956150646066,0.405214620977222,4.73714769183653,2.16747207867628e-06,0.0153160801986195
