"","baseMean","log2FoldChange","lfcSE","stat","pvalue","padj"
"novel_1_45",1640.48899928541,-1.23892650203688,0.334258937836263,-3.7064872821554,0.00021015378410638,0.0187036867854679
"novel_21_499",2783.93046424068,0.843408028821357,0.202381425526105,4.16741816413664,3.08069056012725e-05,0.00822544379553975
"novel_9_845",49301.6004804735,0.453129768323822,0.113262617394217,4.00070013168314,6.3155348280233e-05,0.0084312389954111
