"","baseMean","log2FoldChange","lfcSE","stat","pvalue","padj"
"novel_1_45",1640.87194795794,-1.23962037198429,0.334635462696779,-3.70439032968703,0.000211899758814495,0.0189297117874282
"novel_21_499",2782.57198197096,0.842002693395413,0.201608732524554,4.1764197554928,2.96133141514791e-05,0.00793636819259641
"novel_9_845",49288.2991345983,0.451967747809715,0.113586695295801,3.97905535179721,6.91896325347763e-05,0.00927141075966003
